description,label,title,publisher,base,the_creator,creation_date,type,format,language,sysnum,related,attribution,subject,alternative_title
ארץ ישראל,אלבום סגל הקונסוליה הרוסית בירושלים [אלבום תצלומים].,אלבום סגל הקונסוליה הרוסית בירושלים [אלבום תצלומים].,1858-1911,NNL01,,1858-1911,ARCHIVE,80 Photographs : b&w..,rus,003426736,http://merhav.nli.org.il/primo_library/libweb/action/display.do?tabs=detailsTab&ct=display&fn=search&doc=NNL01_TMA003426736,"[""אוסף התצלומים, הספרייה הלאומית""]","[""ארץ ישראל""]","[""Personal du Consulat Impérial de Russie à Jérusalem [Album of photographs].""]"
ארץ ישראל,Roma [Album of photographs].,Roma [Album of photographs].,ca. 1865-1885,NNL01,,ca. 1865-1885,ARCHIVE,100 Photographs : b&w ; 180 X 235 mm..,eng,003592242,http://merhav.nli.org.il/primo_library/libweb/action/display.do?tabs=detailsTab&ct=display&fn=search&doc=NNL01_TMA003592242,"[""אוסף התצלומים, הספרייה הלאומית""]","[""ארץ ישראל""]","[""רומא [אלבום תצלומים]""]"
ארץ ישראל,Carlo Naya Views of Italy Album [Album of photographs].,Carlo Naya Views of Italy Album [Album of photographs].,ca. 1870-1880,NNL01,"Naya, Carlo, 1816-1882 1816-1882 Photographer",ca. 1870-1880,ARCHIVE,"67 Photographs : b&w, sepia ; 185 X 230 mm..",ger,003592251,http://merhav.nli.org.il/primo_library/libweb/action/display.do?tabs=detailsTab&ct=display&fn=search&doc=NNL01_TMA003592251,"[""אוסף התצלומים, הספרייה הלאומית""]","[""ארץ ישראל""]","[""אלבום נופי איטליה - קרלו נאיה [אלבום תצלומים]""]"
ארץ ישראל,תמונות המומרים בירושלם הנזכרים בספר מלחמת היהודים במיסיון [אלבום תצלומים].,תמונות המומרים בירושלם הנזכרים בספר מלחמת היהודים במיסיון [אלבום תצלומים].,ca. 1875-1930,NNL01,,ca. 1875-1930,ARCHIVE,18 Photographs : b&w..,heb,003428922,http://merhav.nli.org.il/primo_library/libweb/action/display.do?tabs=detailsTab&ct=display&fn=search&doc=NNL01_TMA003428922,"[""אוסף התצלומים, הספרייה הלאומית""]","[""ארץ ישראל""]","[""Converted Jews of Jerusalem [Album of photographs].""]"
ארץ ישראל,אלבום משפחת שאמס [אלבום תצלומים].,אלבום משפחת שאמס [אלבום תצלומים].,ca. 1880-1950,NNL01,,ca. 1880-1950,ARCHIVE,120 Photographs : b&w..,,003429188,http://merhav.nli.org.il/primo_library/libweb/action/display.do?tabs=detailsTab&ct=display&fn=search&doc=NNL01_TMA003429188,"[""אוסף התצלומים, הספרייה הלאומית""]","[""ארץ ישראל""]","[""Schames Family Album [Album of photographs].""]"
ארץ ישראל,אלבום תצלומי ירושלים [אלבום תצלומים].,אלבום תצלומי ירושלים [אלבום תצלומים].,ca. 1880-1890,NNL01,,ca. 1880-1890,ARCHIVE,44 Photographs : b&w ; 19 X 26 cm..,fre,003427175,http://merhav.nli.org.il/primo_library/libweb/action/display.do?tabs=detailsTab&ct=display&fn=search&doc=NNL01_TMA003427175,"[""אוסף התצלומים, הספרייה הלאומית""]","[""ארץ ישראל""]","[""Jerusalem Photographs Album [Album of photographs].""]"
ארץ ישראל,אלבום ימימה ליובין-בלקינד [אלבום תצלומים].,אלבום ימימה ליובין-בלקינד [אלבום תצלומים].,1882-1920,NNL01,,1882-1920,ARCHIVE,15 Photographs : b&w..,und,003836363,http://merhav.nli.org.il/primo_library/libweb/action/display.do?tabs=detailsTab&ct=display&fn=search&doc=NNL01_TMA003836363,"[""אוסף התצלומים, הספרייה הלאומית""]","[""ארץ ישראל""]","[""Yemima Liubin Belkind Album [Album of photographs].""]"
ארץ ישראל,אלבום משפחה יהודית מאוסטרו-הונגריה [אלבום תצלומים].,אלבום משפחה יהודית מאוסטרו-הונגריה [אלבום תצלומים].,ca. 1885-1910,NNL01,,ca. 1885-1910,ARCHIVE,51 Photographs : b&w..,,003430167,http://merhav.nli.org.il/primo_library/libweb/action/display.do?tabs=detailsTab&ct=display&fn=search&doc=NNL01_TMA003430167,"[""אוסף התצלומים, הספרייה הלאומית""]","[""ארץ ישראל""]","[""Austro-Hungarian Jewish Family Album [Album of photographs].""]"
ארץ ישראל,אלבום נופי אוסטריה [אלבום תצלומים].,אלבום נופי אוסטריה [אלבום תצלומים].,ca. 1885-1895,NNL01,,ca. 1885-1895,ARCHIVE,57 Photographs : b&w ; 105 X150 mm..,ger,003592227,http://merhav.nli.org.il/primo_library/libweb/action/display.do?tabs=detailsTab&ct=display&fn=search&doc=NNL01_TMA003592227,"[""אוסף התצלומים, הספרייה הלאומית""]","[""ארץ ישראל""]","[""Views of Austria Album [Album of photographs].""]"
ארץ ישראל,אלבום יוליוס לנשטיין [אלבום תצלומים].,אלבום יוליוס לנשטיין [אלבום תצלומים].,1890-1926,NNL01,,1890-1926,ARCHIVE,3 Photographs : b&w..,,003861802,http://merhav.nli.org.il/primo_library/libweb/action/display.do?tabs=detailsTab&ct=display&fn=search&doc=NNL01_TMA003861802,"[""אוסף התצלומים, הספרייה הלאומית""]","[""ארץ ישראל""]","[""Julius Lahnstein Family Photographs [Album of photographs].""]"
ארץ ישראל,אלבומי ביקור הקיסר וילהלם השני בארץ הקודש [אלבום תצלומים].,אלבומי ביקור הקיסר וילהלם השני בארץ הקודש [אלבום תצלומים].,1898,NNL01,,1898,ARCHIVE,44 Photographs : b&w ; 19 X 26 cm..,tur,003426596,http://merhav.nli.org.il/primo_library/libweb/action/display.do?tabs=detailsTab&ct=display&fn=search&doc=NNL01_TMA003426596,"[""אוסף התצלומים, הספרייה הלאומית""]","[""ארץ ישראל""]","[""Kaiser Wilhelm II Visit to the Holy Land Albums [Album of photographs].""]"
ארץ ישראל,אלבומי ביקור הקיסר וילהלם השני בארץ הקודש [אלבום תצלומים].,אלבומי ביקור הקיסר וילהלם השני בארץ הקודש [אלבום תצלומים].,1898,NNL01,,1898,ARCHIVE,42 Photographs : b&w ; 19 X 26 cm..,tur,003426637,http://merhav.nli.org.il/primo_library/libweb/action/display.do?tabs=detailsTab&ct=display&fn=search&doc=NNL01_TMA003426637,"[""אוסף התצלומים, הספרייה הלאומית""]","[""ארץ ישראל""]","[""Kaiser Wilhelm II Visit to the Holy Land Albums [Album of photographs]""]"
ארץ ישראל,אלבומי ביקור הקיסר וילהלם השני בארץ הקודש [אלבום תצלומים].,אלבומי ביקור הקיסר וילהלם השני בארץ הקודש [אלבום תצלומים].,1898,NNL01,,1898,ARCHIVE,48 Photographs : b&w ; 19 X 26 cm..,tur,003426638,http://merhav.nli.org.il/primo_library/libweb/action/display.do?tabs=detailsTab&ct=display&fn=search&doc=NNL01_TMA003426638,"[""אוסף התצלומים, הספרייה הלאומית""]","[""ארץ ישראל""]","[""Kaiser Wilhelm II Visit to the Holy Land Albums [Album of photographs]""]"
ארץ ישראל,אלבומי ביקור הקיסר וילהלם השני בארץ הקודש [אלבום תצלומים].,אלבומי ביקור הקיסר וילהלם השני בארץ הקודש [אלבום תצלומים].,1898,NNL01,,1898,ARCHIVE,34 Photographs : b&w ; 19 X 26 cm..,tur,003426639,http://merhav.nli.org.il/primo_library/libweb/action/display.do?tabs=detailsTab&ct=display&fn=search&doc=NNL01_TMA003426639,"[""אוסף התצלומים, הספרייה הלאומית""]","[""ארץ ישראל""]","[""Kaiser Wilhelm II Visit to the Holy Land Albums [Album of photographs]""]"
ארץ ישראל,אלבום משפחת נירנשטיין [אלבום תצלומים].,אלבום משפחת נירנשטיין [אלבום תצלומים].,ca. 1900-1910,NNL01,,ca. 1900-1910,ARCHIVE,92 Photographs : b&w..,ger,003429269,http://merhav.nli.org.il/primo_library/libweb/action/display.do?tabs=detailsTab&ct=display&fn=search&doc=NNL01_TMA003429269,"[""אוסף התצלומים, הספרייה הלאומית""]","[""ארץ ישראל""]","[""Nirenstein Family Album [Album of photographs].""]"
ארץ ישראל,אלבום משפחת נירנשטיין [אלבום תצלומים].,אלבום משפחת נירנשטיין [אלבום תצלומים].,ca. 1900-1910,NNL01,,ca. 1900-1910,ARCHIVE,92 Photographs : b&w..,ger,003429270,http://merhav.nli.org.il/primo_library/libweb/action/display.do?tabs=detailsTab&ct=display&fn=search&doc=NNL01_TMA003429270,"[""אוסף התצלומים, הספרייה הלאומית""]","[""ארץ ישראל""]","[""Nirenstein Family Album [Album of photographs].""]"
ארץ ישראל,אלבום משפחת נירנשטיין [אלבום תצלומים].,אלבום משפחת נירנשטיין [אלבום תצלומים].,ca. 1900-1910,NNL01,,ca. 1900-1910,ARCHIVE,92 Photographs : b&w..,ger,003429271,http://merhav.nli.org.il/primo_library/libweb/action/display.do?tabs=detailsTab&ct=display&fn=search&doc=NNL01_TMA003429271,"[""אוסף התצלומים, הספרייה הלאומית""]","[""ארץ ישראל""]","[""Nirenstein Family Album [Album of photographs].""]"
ארץ ישראל,אלבום משפחת נירנשטיין [אלבום תצלומים].,אלבום משפחת נירנשטיין [אלבום תצלומים].,ca. 1900-1910,NNL01,,ca. 1900-1910,ARCHIVE,92 Photographs : b&w..,ger,003429432,http://merhav.nli.org.il/primo_library/libweb/action/display.do?tabs=detailsTab&ct=display&fn=search&doc=NNL01_TMA003429432,"[""אוסף התצלומים, הספרייה הלאומית""]","[""ארץ ישראל""]","[""Nirenstein Family Album [Album of photographs].""]"
ארץ ישראל,אלבום משפחת נירנשטיין [אלבום תצלומים].,אלבום משפחת נירנשטיין [אלבום תצלומים].,ca. 1906,NNL01,,ca. 1906,ARCHIVE,92 Photographs : b&w..,ger,003429449,http://merhav.nli.org.il/primo_library/libweb/action/display.do?tabs=detailsTab&ct=display&fn=search&doc=NNL01_TMA003429449,"[""אוסף התצלומים, הספרייה הלאומית""]","[""ארץ ישראל""]","[""Nirenstein Family Album [Album of photographs].""]"
ארץ ישראל,אלבום משפחת נירנשטיין [אלבום תצלומים].,אלבום משפחת נירנשטיין [אלבום תצלומים].,ca. 1906,NNL01,,ca. 1906,ARCHIVE,92 Photographs : b&w..,ger,003431345,http://merhav.nli.org.il/primo_library/libweb/action/display.do?tabs=detailsTab&ct=display&fn=search&doc=NNL01_TMA003431345,"[""אוסף התצלומים, הספרייה הלאומית""]","[""ארץ ישראל""]","[""Nirenstein Family Album [Album of photographs].""]"
ארץ ישראל,הטבח בביליסטוק [אלבום תצלומים].,הטבח בביליסטוק [אלבום תצלומים].,1905,NNL01,,1905,ARCHIVE,7 Photographs : b&w ; 115 X 165 mm..,heb,003777554,http://merhav.nli.org.il/primo_library/libweb/action/display.do?tabs=detailsTab&ct=display&fn=search&doc=NNL01_TMA003777554,"[""אוסף התצלומים, הספרייה הלאומית""]","[""ארץ ישראל""]","[""The Białystok Pogrom [Album of photographs].""]"
ארץ ישראל,מסע השאה הפרסי בצפון מערב איראן [אלבום תצלומים].,מסע השאה הפרסי בצפון מערב איראן [אלבום תצלומים].,ca. 1906,NNL01,,ca. 1906,ARCHIVE,26 Photographs : b&w ..,per,003473872,http://merhav.nli.org.il/primo_library/libweb/action/display.do?tabs=detailsTab&ct=display&fn=search&doc=NNL01_TMA003473872,"[""אוסף התצלומים, הספרייה הלאומית""]","[""ארץ ישראל""]","[""Voyage of the Persian Shah in North-West Iran [Album of photographs].""]"
ארץ ישראל,Prag [Album of photographs].,Prag [Album of photographs].,ca. 1910-1925,NNL01,,ca. 1910-1925,ARCHIVE,6 Photographs : b&w ; 87 X 135 mm..,ger,003579158,http://merhav.nli.org.il/primo_library/libweb/action/display.do?tabs=detailsTab&ct=display&fn=search&doc=NNL01_TMA003579158,"[""אוסף התצלומים, הספרייה הלאומית""]","[""ארץ ישראל""]","[""Prague [Album of photographs]."", ""פרג [אלבום תצלומים]."", ""פראג [אלבום תצלומים].""]"
ארץ ישראל,אלבום נורמן בנטויץ' [אלבום תצלומים].,אלבום נורמן בנטויץ' [אלבום תצלומים].,ca. 1910-1930,NNL01,,ca. 1910-1930,ARCHIVE,60 Photographs : b&w..,eng,003428696,http://merhav.nli.org.il/primo_library/libweb/action/display.do?tabs=detailsTab&ct=display&fn=search&doc=NNL01_TMA003428696,"[""אוסף התצלומים, הספרייה הלאומית""]","[""ארץ ישראל""]","[""Norman Bentwich Album [Album of photographs].""]"
ארץ ישראל,תמונות מיהודה וירושלם [אלבום תצלומים].,תמונות מיהודה וירושלם [אלבום תצלומים].,ca. 1910-1913,NNL01,"בן דב, יעקב, 1882-1968 1882-1968 צלם 1882-1968 1882-1968",ca. 1910-1913,ARCHIVE,31 Photographs : b&w ; 19 X 26 cm..,heb,003426888,http://merhav.nli.org.il/primo_library/libweb/action/display.do?tabs=detailsTab&ct=display&fn=search&doc=NNL01_TMA003426888,"[""אוסף התצלומים, הספרייה הלאומית""]","[""ארץ ישראל""]","[""אלבום יעקב בן דב: תמונות מיהודה וירושלים"", ""Ben Dov Album of Judea and Jerusalem [Album of photographs]""]"
ארץ ישראל,פטרה - תצלומי המושבה האמריקאית [אלבום תצלומים].,פטרה - תצלומי המושבה האמריקאית [אלבום תצלומים].,ca. 1910-1913,NNL01,,ca. 1910-1913,ARCHIVE,23 Photographs : b&w..,eng,003600521,http://merhav.nli.org.il/primo_library/libweb/action/display.do?tabs=detailsTab&ct=display&fn=search&doc=NNL01_TMA003600521,"[""אוסף התצלומים, הספרייה הלאומית""]","[""ארץ ישראל""]","[""Petra - American Colony photographs [Album of photographs].""]"
ארץ ישראל,אלבום תחנת הנסיונות בעתלית [אלבום תצלומים].,אלבום תחנת הנסיונות בעתלית [אלבום תצלומים].,1911,NNL01,,1911,ARCHIVE,13 Photographs : b&w ; 20 X 25 cm..,fre,003427003,http://merhav.nli.org.il/primo_library/libweb/action/display.do?tabs=detailsTab&ct=display&fn=search&doc=NNL01_TMA003427003,"[""אוסף התצלומים, הספרייה הלאומית""]","[""ארץ ישראל""]","[""Jewish Agricultural Experiment Station Album [Album of photographs].""]"
ארץ ישראל,"הגמנסיה העברית ""הרצליה"" - יפו [אלבום תצלומים].","הגמנסיה העברית ""הרצליה"" - יפו [אלבום תצלומים].",1912,NNL01,"בן דב, יעקב, 1882-1968 1882-1968 צלם 1882-1968 1882-1968",1912,ARCHIVE,20 Photographs : b&w ; 19 X 26 cm..,heb,003427178,http://merhav.nli.org.il/primo_library/libweb/action/display.do?tabs=detailsTab&ct=display&fn=search&doc=NNL01_TMA003427178,"[""אוסף התצלומים, הספרייה הלאומית""]","[""ארץ ישראל""]","[""Herzliya Hebrew Gymnasium Album [Album of photographs].""]"
ארץ ישראל,דיוקנאות סופרים [אלבום תצלומים].,דיוקנאות סופרים [אלבום תצלומים].,ca. 1912,NNL01,,ca. 1912,ARCHIVE,"48 Photographs : b&w, ; 21X27.5 cm..",,003431247,http://merhav.nli.org.il/primo_library/libweb/action/display.do?tabs=detailsTab&ct=display&fn=search&doc=NNL01_TMA003431247,"[""אוסף התצלומים, הספרייה הלאומית""]","[""ארץ ישראל""]","[""Portraits of Jewish Writers [Album of photographs].""]"
ארץ ישראל,אלבום משפחת נירנשטיין [אלבום תצלומים].,אלבום משפחת נירנשטיין [אלבום תצלומים].,1913,NNL01,,1913,ARCHIVE,106 Photographs : b&w..,ger,003429411,http://merhav.nli.org.il/primo_library/libweb/action/display.do?tabs=detailsTab&ct=display&fn=search&doc=NNL01_TMA003429411,"[""אוסף התצלומים, הספרייה הלאומית""]","[""ארץ ישראל""]","[""Nirenstein Family Album [Album of photographs].""]"
ארץ ישראל,ארץ ישראל במלחמת העולם הראשונה [אלבום תצלומים].,ארץ ישראל במלחמת העולם הראשונה [אלבום תצלומים].,1914-1917,NNL01,,1914-1917,ARCHIVE,145 Photographs : b&w ; 130 X 180 mm..,heb,003486570,http://merhav.nli.org.il/primo_library/libweb/action/display.do?tabs=detailsTab&ct=display&fn=search&doc=NNL01_TMA003486570,"[""אוסף התצלומים, הספרייה הלאומית""]","[""ארץ ישראל""]","[""World War I in Palestine [Album of photographs]""]"
ארץ ישראל,Photographs from Palestine Taken by A British Soldier During WWI [Album of photographs].,Photographs from Palestine Taken by A British Soldier During WWI [Album of photographs].,1917-1918,NNL01,,1917-1918,ARCHIVE,116 Photographs : b&w..,eng,003534687,http://merhav.nli.org.il/primo_library/libweb/action/display.do?tabs=detailsTab&ct=display&fn=search&doc=NNL01_TMA003534687,"[""אוסף התצלומים, הספרייה הלאומית""]","[""ארץ ישראל""]","[""תצלומי חייל בריטי מימי מלחמת העולם הראשונה בארץ ישראל [אלבום תצלומים].""]"
ארץ ישראל,ארץ ישראל בסוף מלחמת העולם הראשונה [אלבום תצלומים].,ארץ ישראל בסוף מלחמת העולם הראשונה [אלבום תצלומים].,1918,NNL01,,1918,ARCHIVE,49 Photographs : b&w ; 13 X 18 cm..,eng,003427659,http://merhav.nli.org.il/primo_library/libweb/action/display.do?tabs=detailsTab&ct=display&fn=search&doc=NNL01_TMA003427659,"[""אוסף התצלומים, הספרייה הלאומית""]","[""ארץ ישראל""]","[""Palestine at the end of First World War [Album of photographs].""]"
ארץ ישראל,פרעות ביהודי חודורקוב [אלבום תצלומים].,פרעות ביהודי חודורקוב [אלבום תצלומים].,1919,NNL01,,1919,ARCHIVE,36 Photographs : b&w ; 130 X 180 mm..,heb,003777706,http://merhav.nli.org.il/primo_library/libweb/action/display.do?tabs=detailsTab&ct=display&fn=search&doc=NNL01_TMA003777706,"[""אוסף התצלומים, הספרייה הלאומית""]","[""ארץ ישראל""]","[""The Khodorkov Pogrom [Album of photographs].""]"
ארץ ישראל,פרעות ביהודי תיאופיפול [אלבום תצלומים].,פרעות ביהודי תיאופיפול [אלבום תצלומים].,1919,NNL01,,1919,ARCHIVE,7 Photographs : b&w ..,heb,003777717,http://merhav.nli.org.il/primo_library/libweb/action/display.do?tabs=detailsTab&ct=display&fn=search&doc=NNL01_TMA003777717,"[""אוסף התצלומים, הספרייה הלאומית""]","[""ארץ ישראל""]","[""The Teofipol Pogrom [Album of photographs].""]"
ארץ ישראל,תצלומי סטודנטית מארץ ישראל ומצרפת [אלבום תצלומים].,תצלומי סטודנטית מארץ ישראל ומצרפת [אלבום תצלומים].,ca. 1920-1940,NNL01,,ca. 1920-1940,ARCHIVE,26 Photographs : b&w ..,fre,003474126,http://merhav.nli.org.il/primo_library/libweb/action/display.do?tabs=detailsTab&ct=display&fn=search&doc=NNL01_TMA003474126,"[""אוסף התצלומים, הספרייה הלאומית""]","[""ארץ ישראל""]","[""Photographs from Palestine and France of a young student [Album of photographs].""]"
ארץ ישראל,לווית המופתי של ירושלים [אלבום תצלומים].,לווית המופתי של ירושלים [אלבום תצלומים].,1921,NNL01,,1921,ARCHIVE,8 Photographs : b&w ; 13 X 18 cm..,,003473795,http://merhav.nli.org.il/primo_library/libweb/action/display.do?tabs=detailsTab&ct=display&fn=search&doc=NNL01_TMA003473795,"[""אוסף התצלומים, הספרייה הלאומית""]","[""ארץ ישראל""]","[""The Grand Mufti of Jerusalem Funeral [Album of photographs].""]"
ארץ ישראל,אלבום הטכניון העברי בחיפה [אלבום תצלומים].,אלבום הטכניון העברי בחיפה [אלבום תצלומים].,ca. 1924-1927,NNL01,"שויג, שמואל יוסף, 1902-1984 1902-1984 צלם",ca. 1924-1927,ARCHIVE,17 Photographs : b&w..,eng,003428387,http://merhav.nli.org.il/primo_library/libweb/action/display.do?tabs=detailsTab&ct=display&fn=search&doc=NNL01_TMA003428387,"[""אוסף התצלומים, הספרייה הלאומית""]","[""ארץ ישראל""]","[""Haifa Technical Institute [Album of photographs].""]"
ארץ ישראל,"Near East Exhibition and Fair in Tel Aviv, 1925 [Album of photographs].","Near East Exhibition and Fair in Tel Aviv, 1925 [Album of photographs].",1925,NNL01,,1925,ARCHIVE,24 Photographs : b&w..,,003619667,http://merhav.nli.org.il/primo_library/libweb/action/display.do?tabs=detailsTab&ct=display&fn=search&doc=NNL01_TMA003619667,"[""אוסף התצלומים, הספרייה הלאומית""]","[""ארץ ישראל""]","[""[יריד המזרח בעיר תל אביב, תרפ\""ה] [אלבום תצלומים].""]"
ארץ ישראל,האוניברסיתה [!] העברית בירושלם [אלבום תצלומים].,האוניברסיתה [!] העברית בירושלם [אלבום תצלומים].,ca. 1925-1927,NNL01,,ca. 1925-1927,ARCHIVE,21 Photographs : b&w..,heb,003567658,http://merhav.nli.org.il/primo_library/libweb/action/display.do?tabs=detailsTab&ct=display&fn=search&doc=NNL01_TMA003567658,"[""אוסף התצלומים, הספרייה הלאומית""]","[""ארץ ישראל""]","[""[The Hebrew University of Jerusalem] [Album of photographs].""]"
ארץ ישראל,אלבום חפירות החומה השלישית [אלבום תצלומים].,אלבום חפירות החומה השלישית [אלבום תצלומים].,1925-1926,NNL01,,1925-1926,ARCHIVE,26 Photographs : b&w..,,003427813,http://merhav.nli.org.il/primo_library/libweb/action/display.do?tabs=detailsTab&ct=display&fn=search&doc=NNL01_TMA003427813,"[""אוסף התצלומים, הספרייה הלאומית""]","[""ארץ ישראל""]","[""The Third Wall of Jerusalem Archeological dig [Album of photographs].""]"
ארץ ישראל,אלבום כנרת [אלבום תצלומים].,אלבום כנרת [אלבום תצלומים].,ca. 1925-1945,NNL01,,ca. 1925-1945,ARCHIVE,107 Photographs : b&w..,heb,003430743,http://merhav.nli.org.il/primo_library/libweb/action/display.do?tabs=detailsTab&ct=display&fn=search&doc=NNL01_TMA003430743,"[""אוסף התצלומים, הספרייה הלאומית""]","[""ארץ ישראל""]","[""Kinnereth Album [Album of photographs].""]"
ארץ ישראל,אלבום פריץ אפשטין: תל אביב 1923 [אלבום תצלומים].,אלבום פריץ אפשטין: תל אביב 1923 [אלבום תצלומים].,1923,NNL01,,1923,ARCHIVE,13 Photographs : b&w..,,003619668,http://merhav.nli.org.il/primo_library/libweb/action/display.do?tabs=detailsTab&ct=display&fn=search&doc=NNL01_TMA003619668,"[""אוסף התצלומים, הספרייה הלאומית""]","[""ארץ ישראל""]","[""Fritz Epstein Album: Tel Aviv 1923 [Album of photographs].""]"
ארץ ישראל,חפירות שיך אבריק - בית שערים: עונה שלישית [אלבום תצלומים].,חפירות שיך אבריק - בית שערים: עונה שלישית [אלבום תצלומים].,1938-1939,NNL01,"פינקרפלד, יעקב, 1897-1956 1897-1956 צלם 1897-1956",1938-1939,ARCHIVE,24 Photographs : b&w..,heb,003624805,http://merhav.nli.org.il/primo_library/libweb/action/display.do?tabs=detailsTab&ct=display&fn=search&doc=NNL01_TMA003624805,"[""אוסף התצלומים, הספרייה הלאומית""]","[""ארץ ישראל""]","[""Beit She'arim Archeological Excavations: 3rd Season [Album of photographs]""]"
ארץ ישראל,קרן קימת לישראל [אלבום תצלומים].,קרן קימת לישראל [אלבום תצלומים].,1925-1927,NNL01,"שויג, שמואל יוסף, 1902-1984 1902-1984 צלם",1925-1927,ARCHIVE,102 Photographs : b&w..,heb,003428572,http://merhav.nli.org.il/primo_library/libweb/action/display.do?tabs=detailsTab&ct=display&fn=search&doc=NNL01_TMA003428572,"[""אוסף התצלומים, הספרייה הלאומית""]","[""ארץ ישראל""]","[""Jewish National Fund - KKL [Album of photographs].""]"
ארץ ישראל,"תצלומי ארץ ישראל מאת ש""י שויג [אלבום תצלומים].","תצלומי ארץ ישראל מאת ש""י שויג [אלבום תצלומים].",ca. 1926,NNL01,"שויג, שמואל יוסף, 1902-1984 1902-1984 צלם",ca. 1926,ARCHIVE,13 Photographs : b&w..,,003901087,http://merhav.nli.org.il/primo_library/libweb/action/display.do?tabs=detailsTab&ct=display&fn=search&doc=NNL01_TMA003901087,"[""אוסף התצלומים, הספרייה הלאומית""]","[""ארץ ישראל""]","[""Palestine photographs by Shmuel Joseph Schweig. [Album of photographs].""]"
ארץ ישראל,אלבום יוחנן בן דוד [אלבום תצלומים].,אלבום יוחנן בן דוד [אלבום תצלומים].,1926,NNL01,,1926,ARCHIVE,16 Photographs : b&w..,,003588119,http://merhav.nli.org.il/primo_library/libweb/action/display.do?tabs=detailsTab&ct=display&fn=search&doc=NNL01_TMA003588119,"[""אוסף התצלומים, הספרייה הלאומית""]","[""ארץ ישראל""]","[""Yohanan Ben-David Album [Album of photographs].""]"
ארץ ישראל,"הכשרת מפרץ חיפה בע""מ, חיפה, ארץ ישראל [אלבום תצלומים].","הכשרת מפרץ חיפה בע""מ, חיפה, ארץ ישראל [אלבום תצלומים].",1926,NNL01,,1926,ARCHIVE,34 Photographs : b&w ; 19 X 26 cm..,heb;eng,003426875,http://merhav.nli.org.il/primo_library/libweb/action/display.do?tabs=detailsTab&ct=display&fn=search&doc=NNL01_TMA003426875,"[""אוסף התצלומים, הספרייה הלאומית""]","[""ארץ ישראל""]","[""Haifa Bay Development Company Ltd. Haifa, Palestine [Album of photographs]""]"
ארץ ישראל,"אסף צלומים מן הרעש בארץ ישראל בשנת תרפ""ז [אלבום תצלומים].","אסף צלומים מן הרעש בארץ ישראל בשנת תרפ""ז [אלבום תצלומים].",1927,NNL01,,1927,ARCHIVE,21 Photographs : b&w..,heb,003427883,http://merhav.nli.org.il/primo_library/libweb/action/display.do?tabs=detailsTab&ct=display&fn=search&doc=NNL01_TMA003427883,"[""אוסף התצלומים, הספרייה הלאומית""]","[""ארץ ישראל""]","[""נזקי רעידת האדמה בארץ ישראל בשנת 1927 [אלבום תצלומים]"", ""Damages of the Earthquake in Palestine, 1927 [Album of photographs].""]"
ארץ ישראל,"אסף צלומים מן הרעש בארץ ישראל בשנת תרפ""ז [אלבום תצלומים].","אסף צלומים מן הרעש בארץ ישראל בשנת תרפ""ז [אלבום תצלומים].",1927,NNL01,,1927,ARCHIVE,32 Photographs : b&w..,heb,003427954,http://merhav.nli.org.il/primo_library/libweb/action/display.do?tabs=detailsTab&ct=display&fn=search&doc=NNL01_TMA003427954,"[""אוסף התצלומים, הספרייה הלאומית""]","[""ארץ ישראל""]","[""נזקי רעידת האדמה בארץ ישראל בשנת 1927 [אלבום תצלומים]"", ""Damages of the Earthquake in Palestine, 1927 [Album of photographs].""]"
ארץ ישראל,תצלומי האוניברסיטה העברית מאת הלמר לרסקי [אלבום תצלומים].,תצלומי האוניברסיטה העברית מאת הלמר לרסקי [אלבום תצלומים].,ca. 1931,NNL01,"לרסקי, הלמר, 1871-1956 1871-1956 צלם 1871-1956 1871-1956",ca. 1931,ARCHIVE,23 Photographs : b&w..,,003849642,http://merhav.nli.org.il/primo_library/libweb/action/display.do?tabs=detailsTab&ct=display&fn=search&doc=NNL01_TMA003849642,"[""אוסף התצלומים, הספרייה הלאומית""]","[""ארץ ישראל""]","[""Helmar Lerski Photographs of the Hebrew University of Jerusalem, Mt. Scopus. [Album of photographs].""]"
ארץ ישראל,"מפעלי תרבות בחנכה תרצ""ג : תערוכה עברית [אלבום תצלומים].","מפעלי תרבות בחנכה תרצ""ג : תערוכה עברית [אלבום תצלומים].",1932,NNL01,,1932,ARCHIVE,8 Photographs : b&w ; 124 X 175 mm..,heb,003489984,http://merhav.nli.org.il/primo_library/libweb/action/display.do?tabs=detailsTab&ct=display&fn=search&doc=NNL01_TMA003489984,"[""אוסף התצלומים, הספרייה הלאומית""]","[""ארץ ישראל""]","[""[Exhibition of Hebrew Cultural Enterprises, Tel Aviv 1932] [Album of photographs].""]"
ארץ ישראל,חדרי ביתו של מקס איטינגון בירושלים [אלבום תצלומים].,חדרי ביתו של מקס איטינגון בירושלים [אלבום תצלומים].,ca. 1933-1943,NNL01,"גידל, נחום טים, 1909-1996 1909-1996 צלם 1909-1996 1909-1996 1909-1996 1909-1996 1909-1996 1909-1996 1909-1996",ca. 1933-1943,ARCHIVE,19 Photographs : b&w ..,heb,003490185,http://merhav.nli.org.il/primo_library/libweb/action/display.do?tabs=detailsTab&ct=display&fn=search&doc=NNL01_TMA003490185,"[""אוסף התצלומים, הספרייה הלאומית""]","[""ארץ ישראל""]","[""[Max Eitingon's House in Jerusalem]. [Album of photographs].""]"
ארץ ישראל,בית הספר של החברה החינוכית בירושלים [אלבום תצלומים].,בית הספר של החברה החינוכית בירושלים [אלבום תצלומים].,ca. 1935,NNL01,,ca. 1935,ARCHIVE,5 Photographs : b&w ; 170 X 235 mm..,heb,003924191,http://merhav.nli.org.il/primo_library/libweb/action/display.do?tabs=detailsTab&ct=display&fn=search&doc=NNL01_TMA003924191,"[""אוסף התצלומים, הספרייה הלאומית""]","[""ארץ ישראל""]","[""Deborah Kallen School in Jerusalem [Album of photographs].""]"
ארץ ישראל,תצלומים מחיי השומרונים בשכם [אלבום תצלומים].,תצלומים מחיי השומרונים בשכם [אלבום תצלומים].,ca. 1900-1910,NNL01,,ca. 1900-1910,ARCHIVE,43 Photographs : b&w ; 235 X 235 mm..,eng,003786689,http://merhav.nli.org.il/primo_library/libweb/action/display.do?tabs=detailsTab&ct=display&fn=search&doc=NNL01_TMA003786689,"[""אוסף התצלומים, הספרייה הלאומית""]","[""ארץ ישראל""]","[""The Samaritan Passover on Mt. Gerizim [Album of photographs].""]"
ארץ ישראל,"בית ספר למלאכה על שם לודויג טיץ, יגור [אלבום תצלומים].","בית ספר למלאכה על שם לודויג טיץ, יגור [אלבום תצלומים].",1936-1937,NNL01,,1936-1937,ARCHIVE,40 Photographs : b&w ; 13 X 18 cm..,ger;heb,003427410,http://merhav.nli.org.il/primo_library/libweb/action/display.do?tabs=detailsTab&ct=display&fn=search&doc=NNL01_TMA003427410,"[""אוסף התצלומים, הספרייה הלאומית""]","[""ארץ ישראל""]","[""Ludwig Tietz Lehrwerkstätten, Jagur [Album of photographs]."", ""Ludwig Tietz Vocational School. Yagur[Album of photographs].""]"
ארץ ישראל,המעבדות לחקר הסרטן באוניברסיטה העברית בירושלים [אלבום תצלומים].,המעבדות לחקר הסרטן באוניברסיטה העברית בירושלים [אלבום תצלומים].,1936,NNL01,"ברנהיים, אלפרד, 1885-1974 1885-1974 צלם 1885-1974 1885-1974 1885- 1885-1974",1936,ARCHIVE,21 Photographs : b&w..,heb,003567711,http://merhav.nli.org.il/primo_library/libweb/action/display.do?tabs=detailsTab&ct=display&fn=search&doc=NNL01_TMA003567711,"[""אוסף התצלומים, הספרייה הלאומית""]","[""ארץ ישראל""]","[""The Hebrew University of Jerusalem Cancer Research Laboratories [Album of photographs].""]"
ארץ ישראל,דגם הר הזיתים 1936 [אלבום תצלומים].,דגם הר הזיתים 1936 [אלבום תצלומים].,1936,NNL01,"סבא, שלום, 1897-1975 1897-1975 צלם 1897-1975 1897-1975 1897-1975",1936,ARCHIVE,43 Photographs : b&w..,ger,003429060,http://merhav.nli.org.il/primo_library/libweb/action/display.do?tabs=detailsTab&ct=display&fn=search&doc=NNL01_TMA003429060,"[""אוסף התצלומים, הספרייה הלאומית""]","[""ארץ ישראל""]","[""Ölberg Modell 1936 [Album of photographs]."", ""Mount of Olives Model 1936 [Album of photographs].""]"
ארץ ישראל,אלבום רוג'ר ו. שטרויס - קרן היסוד.,אלבום רוג'ר ו. שטרויס - קרן היסוד.,1937,NNL01,,1937,ARCHIVE,50 Photographs : b&w..,heb,003428523,http://merhav.nli.org.il/primo_library/libweb/action/display.do?tabs=detailsTab&ct=display&fn=search&doc=NNL01_TMA003428523,"[""אוסף התצלומים, הספרייה הלאומית""]","[""ארץ ישראל""]","[""Roger W. Straus - Keren Hayesod Album [Album of photographs].""]"
ארץ ישראל,עבודת הקרן הקימת בתמונות [אלבום תצלומים].,עבודת הקרן הקימת בתמונות [אלבום תצלומים].,1937,NNL01,"שויג, שמואל יוסף, 1902-1984 1902-1984 צלם",1937,ARCHIVE,31 Photographs : b&w..,eng,003428553,http://merhav.nli.org.il/primo_library/libweb/action/display.do?tabs=detailsTab&ct=display&fn=search&doc=NNL01_TMA003428553,"[""אוסף התצלומים, הספרייה הלאומית""]","[""ארץ ישראל""]","[""Keren Kayemet Work in Pictures [Album of photographs].""]"
ארץ ישראל,"שכון - חברה לשכונות העובדים בע""מ [אלבום תצלומים].","שכון - חברה לשכונות העובדים בע""מ [אלבום תצלומים].",1937,NNL01,,1937,ARCHIVE,6 Photographs : b&w..,yid,003430600,http://merhav.nli.org.il/primo_library/libweb/action/display.do?tabs=detailsTab&ct=display&fn=search&doc=NNL01_TMA003430600,"[""אוסף התצלומים, הספרייה הלאומית""]","[""ארץ ישראל""]","[""Shikun - Workers Housing Co. Ltd. [Album of photographs].""]"
ארץ ישראל,Bilder aus Ben Schemen für Martin Buber von der Jüdische Waisenhilfe [Album of photographs].,Bilder aus Ben Schemen für Martin Buber von der Jüdische Waisenhilfe [Album of photographs].,1938,NNL01,,1938,ARCHIVE,48 Photographs : b&w..,ger,003535703,http://merhav.nli.org.il/primo_library/libweb/action/display.do?tabs=detailsTab&ct=display&fn=search&doc=NNL01_TMA003535703,"[""אוסף התצלומים, הספרייה הלאומית""]","[""ארץ ישראל""]","[""[Photographs of Ben Shemen Youth Village, Dedicated to Martin Buber]."", ""תצלומי כפר הנוער בן שמן, מוקדשים למרטין בובר [אלבום תצלומים].""]"
ארץ ישראל,אלבום שלמה זלמן שוקן [אלבום תצלומים].,אלבום שלמה זלמן שוקן [אלבום תצלומים].,1938,NNL01,,1938,ARCHIVE,6 Photographs : b&w ; 225 X 285 mm..,heb,003752856,http://merhav.nli.org.il/primo_library/libweb/action/display.do?tabs=detailsTab&ct=display&fn=search&doc=NNL01_TMA003752856,"[""אוסף התצלומים, הספרייה הלאומית""]","[""ארץ ישראל""]","[""Salman Schocken Aerial photographs of Palestine Album [Album of photographs]"", ""Sechs Flugaufnahmen aus Palästina.""]"
ארץ ישראל,אלבום שלמה זלמן שוקן [אלבום תצלומים].,אלבום שלמה זלמן שוקן [אלבום תצלומים].,1938,NNL01,,1938,ARCHIVE,10 Photographs : b&w ; 225 X 285 mm..,heb,003752880,http://merhav.nli.org.il/primo_library/libweb/action/display.do?tabs=detailsTab&ct=display&fn=search&doc=NNL01_TMA003752880,"[""אוסף התצלומים, הספרייה הלאומית""]","[""ארץ ישראל""]","[""Salman Schocken Aerial photographs of Palestine Album [Album of photographs]"", ""Zehn Flugaufnahmen aus Palästina.""]"
ארץ ישראל,אלבום שלמה זלמן שוקן [אלבום תצלומים].,אלבום שלמה זלמן שוקן [אלבום תצלומים].,1938,NNL01,,1938,ARCHIVE,40 Photographs : b&w ; 225 X 285 mm..,heb,003752972,http://merhav.nli.org.il/primo_library/libweb/action/display.do?tabs=detailsTab&ct=display&fn=search&doc=NNL01_TMA003752972,"[""אוסף התצלומים, הספרייה הלאומית""]","[""ארץ ישראל""]","[""Salman Schocken Aerial photographs of Palestine Album [Album of photographs]""]"
ארץ ישראל,"מלון קליה, ים המלח [אלבום תצלומים].","מלון קליה, ים המלח [אלבום תצלומים].",1938,NNL01,"גולדשמידט, פריץ צלם",1938,ARCHIVE,24 Photographs : b&w ; 9X13 Cm..,eng,003428852,http://merhav.nli.org.il/primo_library/libweb/action/display.do?tabs=detailsTab&ct=display&fn=search&doc=NNL01_TMA003428852,"[""אוסף התצלומים, הספרייה הלאומית""]","[""ארץ ישראל""]","[""The Kallia Hotel at the Dead Sea [Album of photographs].""]"
ארץ ישראל,"אלבום תצלומי חוג ""יבנה"", ירושלים [אלבום תצלומים].","אלבום תצלומי חוג ""יבנה"", ירושלים [אלבום תצלומים].",1939-1947,NNL01,,1939-1947,ARCHIVE,27 Photographs : b&w..,heb,003426950,http://merhav.nli.org.il/primo_library/libweb/action/display.do?tabs=detailsTab&ct=display&fn=search&doc=NNL01_TMA003426950,"[""אוסף התצלומים, הספרייה הלאומית""]","[""ארץ ישראל""]","[""Yavne Students Group Photographs of Jerusalem [Album of photographs].""]"
ארץ ישראל,ניסויים בזני חיטה [אלבום תצלומים].,ניסויים בזני חיטה [אלבום תצלומים].,1949-1967,NNL01,,1949-1967,ARCHIVE,17 Photographs : b&w..,heb,003863492,http://merhav.nli.org.il/primo_library/libweb/action/display.do?tabs=detailsTab&ct=display&fn=search&doc=NNL01_TMA003863492,"[""אוסף התצלומים, הספרייה הלאומית""]","[""ארץ ישראל""]","[""Experiments in cultivated forms of wheat [Album of photographs].""]"
ארץ ישראל,"טקס הנחת אבן הפנה למפעל מבשלות שכר לאומיות בישראל, נתניה. [אלבום תצלומים].","טקס הנחת אבן הפנה למפעל מבשלות שכר לאומיות בישראל, נתניה. [אלבום תצלומים].",1951,NNL01,,1951,ARCHIVE,41 Photographs : b&w ; 95 X 120 mm..,heb,003777859,http://merhav.nli.org.il/primo_library/libweb/action/display.do?tabs=detailsTab&ct=display&fn=search&doc=NNL01_TMA003777859,"[""אוסף התצלומים, הספרייה הלאומית""]","[""ארץ ישראל""]","[""Laying of Cornerstone to Israel National Brewery Factories in Nathanya [Album of photographs].""]"
ארץ ישראל,מבצע סיני [אלבום תצלומים].,מבצע סיני [אלבום תצלומים].,1956,NNL01,"שלזינגר, פריץ, 1915-1967 1915-1967 צלם",1956,ARCHIVE,11 Photographs : b&w ; 12.5X17.5 cm..,heb,003430865,http://merhav.nli.org.il/primo_library/libweb/action/display.do?tabs=detailsTab&ct=display&fn=search&doc=NNL01_TMA003430865,"[""אוסף התצלומים, הספרייה הלאומית""]","[""ארץ ישראל""]","[""Sinai Campaign [Album of photographs].""]"
ארץ ישראל,אלבום משפחת ברטורא [אלבום תצלומים].,אלבום משפחת ברטורא [אלבום תצלומים].,1957-1958,NNL01,,1957-1958,ARCHIVE,92 Photographs : b&w..,heb,003429639,http://merhav.nli.org.il/primo_library/libweb/action/display.do?tabs=detailsTab&ct=display&fn=search&doc=NNL01_TMA003429639,"[""אוסף התצלומים, הספרייה הלאומית""]","[""ארץ ישראל""]","[""Bartura Family Albums [Album of photographs].""]"
ארץ ישראל,אלבום משפחת ברטורא [אלבום תצלומים].,אלבום משפחת ברטורא [אלבום תצלומים].,1957-1958,NNL01,,1957-1958,ARCHIVE,92 Photographs : b&w..,heb,003429678,http://merhav.nli.org.il/primo_library/libweb/action/display.do?tabs=detailsTab&ct=display&fn=search&doc=NNL01_TMA003429678,"[""אוסף התצלומים, הספרייה הלאומית""]","[""ארץ ישראל""]","[""Bartura Family Albums [Album of photographs].""]"
ארץ ישראל,אלבום משפחת ברטורא [אלבום תצלומים].,אלבום משפחת ברטורא [אלבום תצלומים].,1957-1958,NNL01,,1957-1958,ARCHIVE,92 Photographs : b&w..,heb,003429679,http://merhav.nli.org.il/primo_library/libweb/action/display.do?tabs=detailsTab&ct=display&fn=search&doc=NNL01_TMA003429679,"[""אוסף התצלומים, הספרייה הלאומית""]","[""ארץ ישראל""]","[""Bartura Family Albums [Album of photographs].""]"
ארץ ישראל,אלבום משפחת ברטורא [אלבום תצלומים].,אלבום משפחת ברטורא [אלבום תצלומים].,1957-1958,NNL01,,1957-1958,ARCHIVE,92 Photographs : b&w..,heb,003567703,http://merhav.nli.org.il/primo_library/libweb/action/display.do?tabs=detailsTab&ct=display&fn=search&doc=NNL01_TMA003567703,"[""אוסף התצלומים, הספרייה הלאומית""]","[""ארץ ישראל""]","[""Bartura Family Albums [Album of photographs].""]"
ארץ ישראל,אלבום עלית הנוער [אלבום תצלומים].,אלבום עלית הנוער [אלבום תצלומים].,1957,NNL01,,1957,ARCHIVE,13 Photographs : b&w ; 12X17 cm..,heb,003430705,http://merhav.nli.org.il/primo_library/libweb/action/display.do?tabs=detailsTab&ct=display&fn=search&doc=NNL01_TMA003430705,"[""אוסף התצלומים, הספרייה הלאומית""]","[""ארץ ישראל""]","[""Youth Aliyah Album [Album of photographs].""]"
ארץ ישראל,אלבום משפחת ברטורא [אלבום תצלומים].,אלבום משפחת ברטורא [אלבום תצלומים].,1958,NNL01,,1958,ARCHIVE,92 Photographs : b&w..,heb,003429632,http://merhav.nli.org.il/primo_library/libweb/action/display.do?tabs=detailsTab&ct=display&fn=search&doc=NNL01_TMA003429632,"[""אוסף התצלומים, הספרייה הלאומית""]","[""ארץ ישראל""]","[""Bartura Family Albums [Album of photographs].""]"
ארץ ישראל,אלבום משפחת ברטורא [אלבום תצלומים].,אלבום משפחת ברטורא [אלבום תצלומים].,1958,NNL01,,1958,ARCHIVE,92 Photographs : b&w..,heb,003429638,http://merhav.nli.org.il/primo_library/libweb/action/display.do?tabs=detailsTab&ct=display&fn=search&doc=NNL01_TMA003429638,"[""אוסף התצלומים, הספרייה הלאומית""]","[""ארץ ישראל""]","[""Bartura Family Albums [Album of photographs].""]"
ארץ ישראל,אלבום החברה הכלכלית לירושלים [אלבום תצלומים].,אלבום החברה הכלכלית לירושלים [אלבום תצלומים].,1960,NNL01,,1960,ARCHIVE,"9 Photographs : b&w, ; 17X23 cm..",heb,003431365,http://merhav.nli.org.il/primo_library/libweb/action/display.do?tabs=detailsTab&ct=display&fn=search&doc=NNL01_TMA003431365,"[""אוסף התצלומים, הספרייה הלאומית""]","[""ארץ ישראל""]","[""Jerusalem Economic Society Album [Album of photographs].""]"
ארץ ישראל,משפט איכמן [אלבום תצלומים].,משפט איכמן [אלבום תצלומים].,1961,NNL01,"רובינגר, דוד, 1924-2017 1924-2017 צלם 1924-2017 1924-",1961,ARCHIVE,15 Photographs : b&w ; 13X18 cm..,heb,003430953,http://merhav.nli.org.il/primo_library/libweb/action/display.do?tabs=detailsTab&ct=display&fn=search&doc=NNL01_TMA003430953,"[""אוסף התצלומים, הספרייה הלאומית""]","[""ארץ ישראל""]","[""Adolf Eichmann Trial [Album of photographs].""]"
ארץ ישראל,In the name of Anne Frank [Album of photographs].,In the name of Anne Frank [Album of photographs].,,NNL01,,1964,ARCHIVE,23 Photographs : b&w..,eng,003863189,http://merhav.nli.org.il/primo_library/libweb/action/display.do?tabs=detailsTab&ct=display&fn=search&doc=NNL01_TMA003863189,"[""אוסף התצלומים, הספרייה הלאומית""]","[""ארץ ישראל""]","[""[תצלומי בית אנה פרנק, תל חי] [אלבום תצלומים].""]"
